机构,户头,成交数量,成交单价,买入手续费,成交日期,权益类持仓
蚂蚁聚宝,czh,10000,1,0,2015/4/23,基金/保本基金/001238博时招财一号大数据保本混合型
华泰证券,czh,1000,1.042,0.000249458,2016/10/21,基金/纯债/160515安丰18
蛋卷基金,czh,4960.32,1.007999484,0,2016/10/21,基金/纯债/160523博时安丰18定开债
蚂蚁聚宝,czh,16260,1.232,0.0008,2016/1/11,基金/纯债/000402工银瑞信纯债债券A
蚂蚁聚宝,czh,16353.53,1.222,0.0008,2016/1/11,基金/纯债/270048广发纯债债券A
蚂蚁聚宝,czh,257.86,1.204,0.0008,2016/1/21,基金/纯债/270048广发纯债债券A
蚂蚁聚宝,czh,138.89,1.204,0.0008,2016/4/18,基金/纯债/270048广发纯债债券A
蚂蚁聚宝,czh,139.12,1.204,0.0008,2016/10/10,基金/纯债/270048广发纯债债券A
国泰君安,czh,100,111.458,0.000999377,2016/3/30,基金/纯债/511010国泰上证5年期国债ETF
蚂蚁聚宝,czh,47176.61,1.059847242,0.0008,2016/3/28,基金/纯债/000563南方通利债券a
蚂蚁聚宝,czh,771.15,0,0.0008,2016/3/28,基金/纯债/000563南方通利债券a
蚂蚁聚宝,czh,364.96,0,0.0008,2016/10/25,基金/纯债/000563南方通利债券a
蚂蚁聚宝,czh,14449.75,1.389,0.0008,2016/1/11,基金/纯债/700005平安大华添利债券A
蚂蚁聚宝,czh,19326.9,1.033,0.0008,2016/1/11,基金/纯债/550018信诚优质纯债A
蚂蚁聚宝,czh,17810.27,1.126,0.0008,2016/1/11,基金/纯债/000205易方达投资级信用债A
蚂蚁聚宝,czh,240.24,0,0.0008,2016/4/18,基金/纯债/000205易方达投资级信用债A
蚂蚁聚宝,czh,224.23,0,0.0008,2016/10/24,基金/纯债/000205易方达投资级信用债A
蚂蚁聚宝,czh,46691.62,1.070855969,0.0008,2016/3/28,基金/纯债/000194银华信用四季红
蚂蚁聚宝,czh,1027.65,0,0.0008,2016/3/28,基金/纯债/000194银华信用四季红
蚂蚁聚宝,czh,815.7,0,0.0008,2016/7/21,基金/纯债/000194银华信用四季红
蚂蚁聚宝,czh,551.52,0,0.0008,2016/10/27,基金/纯债/000194银华信用四季红
蚂蚁聚宝,czh,36990.17,1.351710468,0.0006,2016/3/28,基金/纯债/519985长信纯债壹号
蚂蚁聚宝,czh,3.6598,273.24,-3.75E-06,2016/10/10,基金/黄金ETFI/000930博时黄金ETFI
且慢,czh,20000,1,0,2016/9/8,基金/基金组合保守型/zh0009且慢短融债
京东,czh,10000,1,0,2016/9/13,基金/基金组合进取型/zh0010fyf京东放心稳增组合
蛋卷基金,czh,20000,1,0,2016/6/27,基金/基金组合进取型/zh0001蛋卷斗牛二八轮动
蚂蚁聚宝,czh,500,1,0,2016/8/26,基金/基金组合进取型/zh0006基金豆微笑定投
蚂蚁聚宝,czh,496.2976198,1.00746,0,2016/9/7,基金/基金组合进取型/zh0006基金豆微笑定投
蚂蚁聚宝,czh,509.0094676,0.9823,0,2016/9/21,基金/基金组合进取型/zh0006基金豆微笑定投
蚂蚁聚宝,czh,493.2912391,1.0136,0,2016/10/19,基金/基金组合进取型/zh0006基金豆微笑定投
蚂蚁聚宝,czh,494.1077649,1.011925,0,2016/11/2,基金/基金组合进取型/zh0006基金豆微笑定投
财富证券,czh,50000,1,0,2016/8/26,基金/基金组合进取型/zh0007中长线白马第五期
财富证券,czh,10070.58067,0.9929914,0,2016/8/26,基金/基金组合进取型/zh0007中长线白马第五期
蛋卷基金,czh,20000,1,0,2016/7/6,基金/基金组合稳健型/zh0002蛋卷安睡计划
蛋卷基金,czh,10000,1,0,2016/8/9,基金/基金组合稳健型/zh0003蛋卷安睡全天候（海外计划）
蛋卷基金,czh,10000,1,0,2016/8/9,基金/基金组合稳健型/zh0004蛋卷安睡全天候（海外计划）2
且慢,czh,10000,1,0,2016/8/23,基金/基金组合稳健型/zh0005且慢八心八箭
且慢,czh,1948.558067,1.0264,0,2016/10/20,基金/基金组合稳健型/zh0008兴全稳健1号
且慢,czh,12000,1,0,2016/10/25,基金/基金组合稳健型/zh0008兴全稳健1号
国泰君安,czh,200,4.678,0,2015/5/14,基金/进取/510300300EFT
国泰君安,czh,200,5.284,0,2015/6/10,基金/进取/510300300EFT
国泰君安,czh,300,4,0,2015/7/6,基金/进取/510300300EFT
国泰君安,czh,200,3.8,0,2015/7/7,基金/进取/510300300EFT
国泰君安,czh,200,3.5,0,2015/7/8,基金/进取/510300300EFT
国泰君安,czh,200,3.39,0,2015/9/11,基金/进取/510300300EFT
国泰君安,czh,100,3.579,0,2015/10/16,基金/进取/510300300EFT
国泰君安,czh,100,3.837,0,2015/12/18,基金/进取/510300300EFT
国泰君安,czh,100,3.581,0,2016/1/6,基金/进取/510300300EFT
国泰君安,czh,200,3.332,0,2016/1/11,基金/进取/510300300EFT
国泰君安,czh,300,2.889,0,2016/2/1,基金/进取/510300300EFT
国泰君安,czh,200,3.127,0,2016/3/17,基金/进取/510300300EFT
国泰君安,czh,300,3.223,0,2016/4/18,基金/进取/510300300EFT
国泰君安,czh,400,3.074,0,2016/5/17,基金/进取/510300300EFT
国泰君安,czh,400,3.111,0,2016/6/20,基金/进取/510300300EFT
国泰君安,czh,500,3.316,0.003006615,2016/7/18,基金/进取/510300300EFT
华泰证券,czh,300,3.444,0.000251582,2016/8/18,基金/进取/510300300EFT
华泰证券,czh,300,3.317,0.000251168,2016/9/19,基金/进取/510300300EFT
华泰证券,czh,300,3.379,0.00024656,2016/10/18,基金/进取/510300300EFT
国泰君安,czh,100,8.916,0,2015/5/14,基金/进取/510500500EFT
国泰君安,czh,100,11.42,0,2015/6/10,基金/进取/510500500EFT
国泰君安,czh,200,7,0,2015/7/6,基金/进取/510500500EFT
国泰君安,czh,100,6.68,0,2015/7/7,基金/进取/510500500EFT
国泰君安,czh,100,6.151,0,2015/7/8,基金/进取/510500500EFT
国泰君安,czh,100,6.517,0,2015/9/11,基金/进取/510500500EFT
国泰君安,czh,100,7.143,0,2016/1/6,基金/进取/510500500EFT
国泰君安,czh,100,6.539,0,2016/1/11,基金/进取/510500500EFT
国泰君安,czh,300,5.154,0,2016/3/17,基金/进取/510500500EFT
国泰君安,czh,100,6.495,0,2016/4/18,基金/进取/510500500EFT
国泰君安,czh,200,6.004,0,2016/5/17,基金/进取/510500500EFT
国泰君安,czh,200,6.221,0,2016/6/20,基金/进取/510500500EFT
国泰君安,czh,200,6.726,0.003555556,2016/7/18,基金/进取/510500500EFT
华泰证券,czh,200,6.787,0.000250416,2016/8/18,基金/进取/510500500EFT
华泰证券,czh,200,6.621,0.000249145,2016/9/19,基金/进取/510500500EFT
华泰证券,czh,100,6.815,0.000249388,2016/10/18,基金/进取/510500500EFT
国泰君安,czh,1500,1.097,0,2015/8/10,基金/进取/510900H股ETF
国泰君安,czh,1500,0.99,0,2015/9/10,基金/进取/510900H股ETF
国泰君安,czh,100,0.992,0,2015/9/11,基金/进取/510900H股ETF
国泰君安,czh,300,0.974,0,2015/9/14,基金/进取/510900H股ETF
国泰君安,czh,300,1.063,0,2015/10/16,基金/进取/510900H股ETF
国泰君安,czh,500,1.055,0,2015/11/10,基金/进取/510900H股ETF
国泰君安,czh,600,0.988,0,2015/12/18,基金/进取/510900H股ETF
国泰君安,czh,200,0.957,0,2016/1/6,基金/进取/510900H股ETF
国泰君安,czh,700,0.898,0,2016/1/11,基金/进取/510900H股ETF
国泰君安,czh,1300,0.894,0,2016/3/17,基金/进取/510900H股ETF
国泰君安,czh,1100,0.916,0,2016/4/18,基金/进取/510900H股ETF
国泰君安,czh,1400,0.859,0,2016/5/17,基金/进取/510900H股ETF
国泰君安,czh,1900,0.895,0,2016/6/20,基金/进取/510900H股ETF
国泰君安,czh,100,0.977,0.051177073,2016/7/18,基金/进取/510900H股ETF
国泰君安,czh,700,0.977,0.007257947,2016/7/18,基金/进取/510900H股ETF
华泰证券,czh,700,1.033,0.000248866,2016/8/18,基金/进取/510900H股ETF
华泰证券,czh,1000,1.049,0.000247794,2016/9/19,基金/进取/510900H股ETF
华泰证券,czh,1500,1.048,0.00024803,2016/10/18,基金/进取/510900H股ETF
华泰证券,czh,700,1.377,0.000248927,2016/8/22,基金/进取/513500标普500
富国基金,czh,445.36,2.242,0.00150288,2016/9/19,基金/进取/100056富国低碳环保
富国基金,czh,429.83,2.323,0.00150491,2016/10/18,基金/进取/100056富国低碳环保
蚂蚁聚宝,czh,763.38,1.308,0.00150121,2016/7/28,基金/进取/100032富国中证红利指数增强
蚂蚁聚宝,czh,733.65,1.361,0.00150461,2016/8/18,基金/进取/100032富国中证红利指数增强
蚂蚁聚宝,czh,747.94,1.335,0.001502354,2016/9/19,基金/进取/100032富国中证红利指数增强
蚂蚁聚宝,czh,733.11,1.362,0.001506446,2016/10/19,基金/进取/100032富国中证红利指数增强
蚂蚁聚宝,czh,1010.52,0.9884,0.001202032,2016/8/26,基金/进取/000968广发中证养老指数A
蚂蚁聚宝,czh,1024.41,0.975,0.00120025,2016/9/19,基金/进取/000968广发中证养老指数A
蚂蚁聚宝,czh,448.56,2.226,0.00150544,2016/9/29,基金/进取/519712交银阿尔法核心混合
蚂蚁聚宝,czh,427.26,2.337,0.00149338,2016/10/18,基金/进取/519712交银阿尔法核心混合
富国基金,czh,2098.18,0.761,0,2016/2/3,基金/进取/161024军工etf
富国基金,czh,31652.55,1.019000049,0,2016/2/4,基金/进取/161024军工etf
富国基金,czh,980.18,1.020220776,0,2016/2/4,基金/进取/161024军工etf
富国基金,czh,1928.19,1.03724218,0,2016/3/17,基金/进取/161024军工etf
富国基金,czh,894.98,1.117343404,0,2016/4/20,基金/进取/161024军工etf
富国基金,czh,994.82,1.004000724,0.0012,2016/5/18,基金/进取/161024军工etf
富国基金,czh,938.72,1.064002045,0.0012,2016/6/23,基金/进取/161024军工etf
富国基金,czh,851.49,1.173002619,0.0012,2016/7/16,基金/进取/161024军工etf
华泰证券,czh,1000,1.036,0.000250902,2016/8/18,基金/进取/512660军工etf
华泰证券,czh,1000,0.993,0.000251699,2016/9/19,基金/进取/512660军工etf
华泰证券,czh,1100,0.962,0.00024564,2016/9/28,基金/进取/512660军工etf
华泰证券,czh,1000,1.006,0.000248447,2016/10/19,基金/进取/512660军工etf
蚂蚁聚宝,czh,968.48,1.031,0.00149712,2016/9/29,基金/进取/002449民生加银量化
蚂蚁聚宝,czh,952.77,1.048,0.00149704,2016/10/18,基金/进取/002449民生加银量化
华泰证券,czh,600,1.661,0.00025079,2016/9/12,基金/进取/513100纳指EFT
华泰证券,czh,600,1.699,0.000245182,2016/9/21,基金/进取/513100纳指EFT
华泰证券,czh,100,1.022,0.000977517,2016/9/1,基金/进取/510810上海国企
华泰证券,czh,900,1.013,0.000252212,2016/9/2,基金/进取/510810上海国企
华泰证券,czh,1000,1,0.000249938,2016/9/19,基金/进取/510810上海国企
华泰证券,czh,1000,1.004,0.000248942,2016/10/19,基金/进取/510810上海国企
蚂蚁聚宝,czh,1379.56,0.724,0.00119856,2016/7/26,基金/进取/001051上证50ETF
蚂蚁聚宝,czh,996.6,1.0019,0.001508733,2016/8/10,基金/进取/110003上证50ETF
华泰证券,czh,400,2.307,0.000249179,2016/8/18,基金/进取/510050上证50ETF
华泰证券,czh,500,2.239,0.000250049,2016/9/19,基金/进取/510050上证50ETF
华泰证券,czh,400,2.284,0.000251688,2016/10/19,基金/进取/510050上证50ETF
国泰君安,czh,400,2.52,0.001980198,2016/7/28,基金/进取/510880上证红利etf
华泰证券,czh,400,2.647,0.000245501,2016/8/18,基金/进取/510880上证红利etf
华泰证券,czh,400,2.571,0.000252756,2016/9/19,基金/进取/510880上证红利etf
华泰证券,czh,400,2.626,0.000247463,2016/10/19,基金/进取/510880上证红利etf
华泰证券,czh,2600,0.391,0.000245857,2016/10/17,基金/进取/150023深成指B
蚂蚁聚宝,czh,999.18,1,0.00082,2016/8/23,基金/进取/001733泰达宏利量化增强股票
蚂蚁聚宝,czh,978.26,1.021,0.00119654,2016/10/19,基金/进取/001733泰达宏利量化增强股票
蛋卷基金,czh,999.18,1,0.00082,2016/6/27,基金/进取/001568泰达宏利增利混合
蚂蚁聚宝,czh,1256.6,0.795,0.001003,2016/8/23,基金/进取/001550天弘中证医药100指数A
蚂蚁聚宝,czh,1266,0.7891,0.0009994,2016/9/19,基金/进取/001550天弘中证医药100指数A
蛋卷基金,czh,9464.47,1.050243701,0.006,2016/7/28,基金/进取/001511兴全新视野
蛋卷基金,czh,9195.52,1.080961164,0.006,2016/10/27,基金/进取/001511兴全新视野
蚂蚁聚宝,czh,464.84,2.1487,0.00119973,2016/8/3,基金/进取/110026易方达创业板ETF联接
蚂蚁聚宝,czh,453.3,2.2034,0.001200219,2016/9/19,基金/进取/110026易方达创业板ETF联接
蚂蚁聚宝,czh,761.63,1.311004031,0.0015,2016/6/23,基金/进取/519670银河行业优选
蚂蚁聚宝,czh,720.94,1.384997365,0.0015,2016/6/23,基金/进取/519670银河行业优选
蚂蚁聚宝,czh,679.25,1.470003681,0.0015,2016/7/18,基金/进取/519670银河行业优选
蚂蚁聚宝,czh,675.12,1.479,0.00149752,2016/8/18,基金/进取/519670银河行业优选
蚂蚁聚宝,czh,688.15,1.451,0.00149435,2016/9/19,基金/进取/519670银河行业优选
蚂蚁聚宝,czh,665.22,1.501,0.00150478,2016/10/18,基金/进取/519670银河行业优选
蚂蚁聚宝,czh,445.76,2.24,0.0014976,2016/9/29,基金/进取/519983长信量化先锋混合
蚂蚁聚宝,czh,431.69,2.313,0.00150103,2016/10/19,基金/进取/519983长信量化先锋混合
蚂蚁聚宝,czh,154.87,2.313,0,2016/10/27,基金/进取/519983长信量化先锋混合
华泰证券,czh,1000,1.055,0.000246385,2016/8/26,基金/进取/512880证券etf
华泰证券,czh,1000,1.015,0.000246245,2016/9/19,基金/进取/512880证券etf
华泰证券,czh,1000,1.032,0.000251875,2016/10/19,基金/进取/512880证券etf
蚂蚁聚宝,czh,832.33,0.960003845,0.0012,2016/5/5,基金/谱蓝/000614华安德国30（DAX）ETF联接8%
蚂蚁聚宝,czh,837.57,0.953997875,0.0012,2016/5/17,基金/谱蓝/000614华安德国30（DAX）ETF联接8%
蚂蚁聚宝,czh,824.6,0.969003153,0.0012,2016/6/23,基金/谱蓝/000614华安德国30（DAX）ETF联接8%
蚂蚁聚宝,czh,924.51,0.968,0.001200457,2016/7/18,基金/谱蓝/000614华安德国30（DAX）ETF联接8%
蚂蚁聚宝,czh,668.79,1.026,0.001197152,2016/8/18,基金/谱蓝/000614华安德国30（DAX）ETF联接8%
蚂蚁聚宝,czh,881.7,0.998,0.001208496,2016/9/19,基金/谱蓝/000614华安德国30（DAX）ETF联接8%
蚂蚁聚宝,czh,1024.45,1.462004002,0.0015,2016/5/5,基金/谱蓝/519696交银环球精选15%
蚂蚁聚宝,czh,1025.15,1.461005706,0.0015,2016/5/17,基金/谱蓝/519696交银环球精选15%
蚂蚁聚宝,czh,1003.18,1.493002253,0.0015,2016/6/23,基金/谱蓝/519696交银环球精选15%
蚂蚁聚宝,czh,919.24,1.562,0.001495362,2016/7/18,基金/谱蓝/519696交银环球精选15%
蚂蚁聚宝,czh,957.27,1.598,0.001492132,2016/8/18,基金/谱蓝/519696交银环球精选15%
蚂蚁聚宝,czh,908.24,1.593,0.001502378,2016/9/16,基金/谱蓝/519696交银环球精选15%
蚂蚁聚宝,czh,597.36,1.67202357,0.001201442,2016/5/4,基金/谱蓝/000311景顺长城沪深300增强10%
蚂蚁聚宝,czh,623.47,1.6020017,0.0012,2016/5/17,基金/谱蓝/000311景顺长城沪深300增强10%
蚂蚁聚宝,czh,613.51,1.628009323,0.0012,2016/6/23,基金/谱蓝/000311景顺长城沪深300增强10%
蚂蚁聚宝,czh,507.92,1.758,0.001205747,2016/7/18,基金/谱蓝/000311景顺长城沪深300增强10%
蚂蚁聚宝,czh,511.15,1.827,0.001208893,2016/8/18,基金/谱蓝/000311景顺长城沪深300增强10%
蚂蚁聚宝,czh,632.74,1.779,0.001204235,2016/9/19,基金/谱蓝/000311景顺长城沪深300增强10%
蚂蚁聚宝,czh,1534.1,1.302001173,0.0013,2016/5/5,基金/谱蓝/270042纳斯达克100指数20%
蚂蚁聚宝,czh,1545.98,1.291996015,0.0013,2016/5/17,基金/谱蓝/270042纳斯达克100指数20%
蚂蚁聚宝,czh,1513.18,1.320001586,0.0013,2016/6/23,基金/谱蓝/270042纳斯达克100指数20%
蚂蚁聚宝,czh,1245.92,1.446845303,0.001301692,2016/7/18,基金/谱蓝/040046纳斯达克100指数20%
蚂蚁聚宝,czh,1313.64,1.472,0.001200779,2016/8/18,基金/谱蓝/040046纳斯达克100指数20%
蚂蚁聚宝,czh,1307.89,1.48,0.001199993,2016/9/19,基金/谱蓝/040046纳斯达克100指数20%
蚂蚁聚宝,czh,2529.62,1.185000119,0.0008,2016/5/5,基金/谱蓝/000290鹏华全球高收益债30%
蚂蚁聚宝,czh,2512.66,1.192998655,0.0008,2016/5/17,基金/谱蓝/000290鹏华全球高收益债30%
蚂蚁聚宝,czh,2573.05,1.164998737,0.0008,2016/6/23,基金/谱蓝/000290鹏华全球高收益债30%
蚂蚁聚宝,czh,2600.89,1.209002457,0.000800641,2016/7/18,基金/谱蓝/000290鹏华全球高收益债30%
蚂蚁聚宝,czh,259.96,1.209002457,0,2016/7/21,基金/谱蓝/000290鹏华全球高收益债30%
蚂蚁聚宝,czh,839.66,1.19,0.000805248,2016/8/18,基金/谱蓝/000290鹏华全球高收益债30%
蚂蚁聚宝,czh,840.37,1.189,0.000800711,2016/8/19,基金/谱蓝/000290鹏华全球高收益债30%
蚂蚁聚宝,czh,834.06,1.198,0.000796754,2016/8/22,基金/谱蓝/000290鹏华全球高收益债30%
蚂蚁聚宝,czh,836.15,1.195,0.000801392,2016/9/19,基金/谱蓝/000290鹏华全球高收益债30%
蚂蚁聚宝,czh,837.55,1.193,0.000803495,2016/9/20,基金/谱蓝/000290鹏华全球高收益债30%
蚂蚁聚宝,czh,834.75,1.197,0.000804897,2016/9/21,基金/谱蓝/000290鹏华全球高收益债30%
蚂蚁聚宝,czh,1299.13,1.30699776,0.0012,2016/5/4,基金/谱蓝/118002易方达标普消费品17%
蚂蚁聚宝,czh,1328.61,1.277997305,0.0012,2016/5/17,基金/谱蓝/118002易方达标普消费品17%
蚂蚁聚宝,czh,1324.46,1.282001721,0.0012,2016/6/23,基金/谱蓝/118002易方达标普消费品17%
蚂蚁聚宝,czh,1388.88,1.310993318,0.001201442,2016/7/18,基金/谱蓝/118002易方达标普消费品17%
蚂蚁聚宝,czh,1211.62,1.361,0.001203858,2016/8/18,基金/谱蓝/118002易方达标普消费品17%
蚂蚁聚宝,czh,1297.1,1.336,0.001197051,2016/9/19,基金/谱蓝/118002易方达标普消费品17%
谱蓝,czh,10000,1,0,2016/10/19,基金/谱蓝组合/zh0011谱蓝
支付宝,czh,4.208045784,237.64,0,2015/3/6,基金/黄金ETFI/000930博时黄金ETFI
支付宝,czh,4.214963119,237.25,0,2015/3/22,基金/黄金ETFI/000930博时黄金ETFI
支付宝,czh,0.0349,237.25,0,2015/3/22,基金/黄金ETFI/000930博时黄金ETFI
国泰君安,czh,2900,0.421,0,2016/6/7,基金/分级基金定投/150023深成指B
国泰君安,czh,3000,0.398,0,2016/6/14,基金/分级基金定投/150023深成指B
国泰君安,czh,100,24.41,0.002,2016/6/29,股票/股票雷达跟投/002405四维图新
富国基金,czh,839,1.191895113,0,2015/7/10,基金/进取/161031富国中证工业4.0指数分级
淘宝理财,czh,366.14,2.72300213,0.003,2015/3/22,基金/进取/519670银河行业优选
淘宝理财,czh,334.6760658,2.979,0.003,2015/4/7,基金/进取/519670银河行业优选
淘宝理财,czh,322.0284238,3.096,0.003,2015/4/23,基金/进取/519670银河行业优选
淘宝理财,czh,255.0524431,3.909,0.003,2015/5/25,基金/进取/519670银河行业优选
淘宝理财,czh,227.7815856,4.377,0.003,2015/6/10,基金/进取/519670银河行业优选
淘宝理财,czh,412.6655629,2.416,0.003,2015/6/10,基金/进取/519670银河行业优选
淘宝理财,czh,412.1537826,2.419,0.003,2015/7/12,基金/进取/519670银河行业优选
淘宝理财,czh,528.9124668,1.885,0.003,2015/9/7,基金/进取/519670银河行业优选
淘宝理财,czh,1800.85,1.371,0.006,2016/1/21,基金/进取/519670银河行业优选
银河基金,czh,761.1026034,1.306,0.006,2016/3/21,基金/进取/519670银河行业优选
淘宝理财,czh,717.27,1.389992611,0.003,2016/4/20,基金/进取/519670银河行业优选
国泰君安,czh,814,1.228501229,0,2015/7/10,基金/进取/161024军工etf
国泰君安,czh,200,15.59031552,0.0016,2016/7/1,股票/股票雷达跟投/600837海通证券
国泰君安,czh,100,17.0290591,0.003,2016/7/1,股票/股票雷达跟投/600171上海贝岭
富国基金,czh,2706.48,0.761,0,2016/2/3,基金/进取/161024军工etf
国泰君安,czh,100,16.74346752,0.0016,2016/7/1,股票/股票雷达跟投/600999招商证券
国泰君安,czh,100,9.61,0.0054,2016/7/1,股票/股票雷达跟投/000939凯迪生态
国泰君安,czh,100,8.749711995,0.005737143,2016/7/5,股票/股票雷达跟投/600491龙元建设
国泰君安,czh,100,14.84949153,0.003389831,2016/7/5,股票/股票雷达跟投/002222福晶科技
国泰君安,czh,200,14.941056,0.0016,2016/7/4,股票/股票雷达跟投/600585海螺水泥
国泰君安,czh,600,15.748096,0.0016,2016/7/12,股票/股票雷达跟投/600585海螺水泥
国泰君安,czh,500,10.87910554,0.0016,2016/7/14,股票/股票雷达跟投/601599鹿港文化
蚂蚁聚宝,czh,0,0,0,2016/1/11,基金/纯债/000205易方达投资级信用债A
蚂蚁聚宝,czh,0,0,0.0008,2016/3/28,基金/纯债/000563南方通利债券a
国泰君安,czh,300,16.06834944,0.0016,2016/7/19,股票/股票雷达跟投/002440闰土股份
国泰君安,czh,300,26.95723264,0.0016,2016/7/13,股票/股票雷达跟投/002673西部证券
蚂蚁聚宝,czh,0,1.204,0.0008,2016/1/11,基金/纯债/270048广发纯债债券A
国泰君安,czh,100,38.23,0.001519749,2016/7/22,股票/股票雷达跟投/603959百利科技
蚂蚁聚宝,czh,8130,1.195498455,0.0008,2016/6/15,基金/可转债/519977长信可转债债券A
国泰君安,czh,1600,9.65,0.001520078,2016/8/2,股票/股票雷达跟投/600130波导股份
国泰君安,czh,1500,9.43,0.001519972,2016/8/2,股票/股票雷达跟投/600130波导股份
国泰君安,czh,2300,8.25,0.001499868,2016/8/2,股票/股票雷达跟投/002495佳隆股份
国泰君安,czh,500,26.84,0.0015,2016/8/4,股票/股票雷达跟投/300444双杰电气
国泰君安,czh,700,14.38,0.001500099,2016/8/4,股票/股票雷达跟投/002104恒宝股份
国泰君安,czh,500,14.38,0.001500695,2016/8/4,股票/股票雷达跟投/002104恒宝股份
国泰君安,czh,1500,14.48,0.0015,2016/8/4,股票/股票雷达跟投/002104恒宝股份
国泰君安,czh,100,21.23,0.002355158,2016/7/20,股票/股票雷达跟投/002276万马股份
国泰君安,czh,1000,1.469,0,2015/6/19,基金/长期/513100纳指EFT
国泰君安,czh,1000,1.39,0,2015/7/10,基金/长期/513100纳指EFT
国泰君安,czh,700,1.497,0,2015/8/10,基金/长期/513100纳指EFT
国泰君安,czh,200,1.467,0,2015/9/14,基金/长期/513100纳指EFT
国泰君安,czh,500,1.48,0,2015/10/16,基金/长期/513100纳指EFT
国泰君安,czh,100,1.565,0,2015/11/10,基金/长期/513100纳指EFT
国泰君安,czh,400,1.521,0,2016/1/11,基金/长期/513100纳指EFT
国泰君安,czh,800,1.515,0,2016/3/17,基金/长期/513100纳指EFT
国泰君安,czh,700,1.551,0,2016/4/18,基金/长期/513100纳指EFT
国泰君安,czh,500,1.517,0,2016/5/17,基金/长期/513100纳指EFT
国泰君安,czh,1200,1.548,0,2016/6/20,基金/长期/513100纳指EFT
国泰君安,czh,900,1.617,0.003628646,2016/7/18,基金/长期/513100纳指EFT
国泰君安,czh,800,1.166,0,2015/5/13,基金/长期/513500标普500
国泰君安,czh,900,1.157,0,2015/6/10,基金/长期/513500标普500
国泰君安,czh,1000,1.133,0,2015/7/10,基金/长期/513500标普500
国泰君安,czh,1100,1.168,0,2015/8/10,基金/长期/513500标普500
国泰君安,czh,400,1.172,0,2015/10/16,基金/长期/513500标普500
国泰君安,czh,400,1.21,0,2015/11/10,基金/长期/513500标普500
国泰君安,czh,500,1.177,0,2016/1/11,基金/长期/513500标普500
国泰君安,czh,800,1.212,0,2016/3/17,基金/长期/513500标普500
国泰君安,czh,900,1.231,0.004492767,2016/4/18,基金/长期/513500标普500
国泰君安,czh,400,1.243,0,2016/5/17,基金/长期/513500标普500
国泰君安,czh,1500,1.266,0,2016/6/20,基金/长期/513500标普500
国泰君安,czh,900,1.347,0.004107451,2016/7/18,基金/长期/513500标普500
财富证券,czh,100,15.4,0.003149351,2016/8/8,股票/股票雷达跟投/603618杭电股份
财富证券,czh,1600,15.33,0.000201402,2016/8/8,股票/股票雷达跟投/603618杭电股份
财富证券,czh,100,15.4,0.003149351,2016/8/8,股票/股票雷达跟投/603618杭电股份
财富证券,czh,200,15.38,0.001547464,2016/8/8,股票/股票雷达跟投/603618杭电股份
财富证券,czh,300,15.39,0.001035304,2016/8/8,股票/股票雷达跟投/603618杭电股份
财富证券,czh,1200,15.34,0.000222729,2016/8/8,股票/股票雷达跟投/603618杭电股份
财富证券,czh,700,25.23,0.000263292,2016/8/9,股票/股票雷达跟投/300062中能电气
财富证券,czh,300,25.323,0.000651582,2016/8/9,股票/股票雷达跟投/300062中能电气
财富证券,czh,300,22.5,0.000761481,2016/8/9,股票/股票雷达跟投/600604市北高新
财富证券,czh,800,22.4,0.000299107,2016/8/9,股票/股票雷达跟投/600604市北高新
财富证券,czh,500,14.26,0.000720898,2016/8/9,股票/股票雷达跟投/600872中炬高新
国泰君安,czh,1800,5.38,0.001520033,2016/7/27,股票/股票雷达跟投/600313农发种业
国泰君安,czh,500,5.37,0.001880819,2016/7/27,股票/股票雷达跟投/600313农发种业
财富证券,czh,400,22.8,0.000528509,2016/8/9,股票/股票雷达跟投/002772众兴菌业
财富证券,czh,200,40,0.000645,2016/8/9,股票/股票雷达跟投/600680上海普天
财富证券,czh,1000,8.63,0.000488992,2016/8/11,股票/股票雷达跟投/000554泰山石油
蚂蚁聚宝,czh,935.04,1.0684,0.001004272,2016/7/26,基金/可转债/340001兴全可转债全球混合
蚂蚁聚宝,czh,923.46,1.0818,0.001001975,2016/8/18,基金/可转债/340001兴全可转债全球混合
蚂蚁聚宝,czh,7903.2,1.264298006,0.0008,2016/4/8,基金/可转债/519977长信可转债债券A
蚂蚁聚宝,czh,228.02,1.195498455,0.0008,2016/6/15,基金/可转债/519977长信可转债债券A
财富证券,czh,500,15.8,0.001177215,2016/8/16,股票/股票雷达跟投/000055方大集团
国泰君安,czh,100,27.3167232,0.0016,2016/7/1,股票/股票雷达跟投/600571DR信雅达
财富证券,czh,300,16.75,0.000975124,2016/8/16,股票/股票雷达跟投/002440闰土股份
富国基金,czh,504.04,1.981,0,2016/3/17,基金/进取/100056富国低碳环保
富国基金,czh,497.01,2.012031951,0,2016/4/20,基金/进取/100056富国低碳环保
富国基金,czh,495.78,2.013998144,0.0015,2016/5/17,基金/进取/100056富国低碳环保
富国基金,czh,483.07,2.066988221,0.0015,2016/6/23,基金/进取/100056富国低碳环保
富国基金,czh,454.07,2.199000154,0.0015,2016/7/18,基金/进取/100056富国低碳环保
富国基金,czh,453.45,2.202,0.0015031,2016/8/18,基金/进取/100056富国低碳环保
天天基金,czh,5000,1,0,2016/9/29,基金/货币基金/hb09002货币-大成现金增利
支付宝,czh,-4.208045784,237.64,0,2016/6/16,基金/黄金ETFI/000930博时黄金ETFI
支付宝,czh,-4.214963119,237.25,0,2016/6/16,基金/黄金ETFI/000930博时黄金ETFI
支付宝,czh,-0.0349,237.25,0,2016/6/16,基金/黄金ETFI/000930博时黄金ETFI
国泰君安,czh,-2900,0.421,0,2016/6/27,基金/分级基金定投/150023深成指B
国泰君安,czh,-3000,0.398,0,2016/6/27,基金/分级基金定投/150023深成指B
国泰君安,czh,-100,24.41,0.002,2016/7/1,股票/股票雷达跟投/002405四维图新
富国基金,czh,-839,1.191895113,0,2016/7/1,基金/进取/161031富国中证工业4.0指数分级
淘宝理财,czh,-366.14,2.72300213,0.003,2016/6/27,基金/进取/519670银河行业优选
淘宝理财,czh,-334.6760658,2.979,0.003,2016/6/27,基金/进取/519670银河行业优选
淘宝理财,czh,-322.0284238,3.096,0.003,2016/6/27,基金/进取/519670银河行业优选
淘宝理财,czh,-255.0524431,3.909,0.003,2016/6/27,基金/进取/519670银河行业优选
淘宝理财,czh,-227.7815856,4.377,0.003,2016/6/27,基金/进取/519670银河行业优选
淘宝理财,czh,-412.6655629,2.416,0.003,2016/6/27,基金/进取/519670银河行业优选
淘宝理财,czh,-412.1537826,2.419,0.003,2016/6/27,基金/进取/519670银河行业优选
淘宝理财,czh,-528.9124668,1.885,0.003,2016/6/27,基金/进取/519670银河行业优选
淘宝理财,czh,-1800.85,1.371,0.006,2016/6/27,基金/进取/519670银河行业优选
银河基金,czh,-761.1026034,1.306,0.006,2016/6/27,基金/进取/519670银河行业优选
淘宝理财,czh,-717.27,1.389992611,0.003,2016/6/27,基金/进取/519670银河行业优选
国泰君安,czh,-814,1.228501229,0,2016/7/1,基金/进取/161024军工etf
国泰君安,czh,-200,15.59031552,0.0016,2016/7/4,股票/股票雷达跟投/600837海通证券
国泰君安,czh,-100,17.0290591,0.003,2016/7/4,股票/股票雷达跟投/600171上海贝岭
富国基金,czh,-2706.48,0.761,0,2016/6/29,基金/进取/161024军工etf
国泰君安,czh,-100,16.74346752,0.0016,2016/7/5,股票/股票雷达跟投/600999招商证券
国泰君安,czh,-100,9.61,0.0054,2016/7/7,股票/股票雷达跟投/000939凯迪生态
国泰君安,czh,-100,8.749711995,0.005737143,2016/7/8,股票/股票雷达跟投/600491龙元建设
国泰君安,czh,-100,14.84949153,0.003389831,2016/7/8,股票/股票雷达跟投/002222福晶科技
国泰君安,czh,-200,14.941056,0.0016,2016/7/11,股票/股票雷达跟投/600585海螺水泥
国泰君安,czh,-600,15.748096,0.0016,2016/7/13,股票/股票雷达跟投/600585海螺水泥
国泰君安,czh,-500,10.87910554,0.0016,2016/7/15,股票/股票雷达跟投/601599鹿港文化
蚂蚁聚宝,czh,0,0,0,2016/7/18,基金/纯债/000205易方达投资级信用债A
蚂蚁聚宝,czh,0,0,0.0008,2016/7/18,基金/纯债/000563南方通利债券a
国泰君安,czh,-300,16.06834944,0.0016,2016/7/20,股票/股票雷达跟投/002440闰土股份
国泰君安,czh,-300,26.95723264,0.0016,2016/7/20,股票/股票雷达跟投/002673西部证券
蚂蚁聚宝,czh,0,1.204,0.0008,2016/7/20,基金/纯债/270048广发纯债债券A
国泰君安,czh,-100,38.23,0.001519749,2016/7/25,股票/股票雷达跟投/603959百利科技
蚂蚁聚宝,czh,-8130,1.195498455,0.0008,2016/7/21,基金/可转债/519977长信可转债债券A
国泰君安,czh,-1600,9.65,0.001520078,2016/8/3,股票/股票雷达跟投/600130波导股份
国泰君安,czh,-1500,9.43,0.001519972,2016/8/3,股票/股票雷达跟投/600130波导股份
国泰君安,czh,-2300,8.25,0.001499868,2016/8/4,股票/股票雷达跟投/002495佳隆股份
国泰君安,czh,-500,26.84,0.0015,2016/8/5,股票/股票雷达跟投/300444双杰电气
国泰君安,czh,-700,14.38,0.001500099,2016/8/5,股票/股票雷达跟投/002104恒宝股份
国泰君安,czh,-500,14.38,0.001500695,2016/8/5,股票/股票雷达跟投/002104恒宝股份
国泰君安,czh,-1500,14.48,0.0015,2016/8/5,股票/股票雷达跟投/002104恒宝股份
国泰君安,czh,-100,21.23,0.002355158,2016/8/8,股票/股票雷达跟投/002276万马股份
国泰君安,czh,-1000,1.469,0,2016/8/8,基金/长期/513100纳指EFT
国泰君安,czh,-1000,1.39,0,2016/8/8,基金/长期/513100纳指EFT
国泰君安,czh,-700,1.497,0,2016/8/8,基金/长期/513100纳指EFT
国泰君安,czh,-200,1.467,0,2016/8/8,基金/长期/513100纳指EFT
国泰君安,czh,-500,1.48,0,2016/8/8,基金/长期/513100纳指EFT
国泰君安,czh,-100,1.565,0,2016/8/8,基金/长期/513100纳指EFT
国泰君安,czh,-400,1.521,0,2016/8/8,基金/长期/513100纳指EFT
国泰君安,czh,-800,1.515,0,2016/8/8,基金/长期/513100纳指EFT
国泰君安,czh,-700,1.551,0,2016/8/8,基金/长期/513100纳指EFT
国泰君安,czh,-500,1.517,0,2016/8/8,基金/长期/513100纳指EFT
国泰君安,czh,-1200,1.548,0,2016/8/8,基金/长期/513100纳指EFT
国泰君安,czh,-900,1.617,0.003628646,2016/8/8,基金/长期/513100纳指EFT
国泰君安,czh,-800,1.166,0,2016/8/8,基金/长期/513500标普500
国泰君安,czh,-900,1.157,0,2016/8/8,基金/长期/513500标普500
国泰君安,czh,-1000,1.133,0,2016/8/8,基金/长期/513500标普500
国泰君安,czh,-1100,1.168,0,2016/8/8,基金/长期/513500标普500
国泰君安,czh,-400,1.172,0,2016/8/8,基金/长期/513500标普500
国泰君安,czh,-400,1.21,0,2016/8/8,基金/长期/513500标普500
国泰君安,czh,-500,1.177,0,2016/8/8,基金/长期/513500标普500
国泰君安,czh,-800,1.212,0,2016/8/8,基金/长期/513500标普500
国泰君安,czh,-900,1.231,0.004492767,2016/8/8,基金/长期/513500标普500
国泰君安,czh,-400,1.243,0,2016/8/8,基金/长期/513500标普500
国泰君安,czh,-1500,1.266,0,2016/8/8,基金/长期/513500标普500
国泰君安,czh,-900,1.347,0.004107451,2016/8/8,基金/长期/513500标普500
财富证券,czh,-100,15.4,0.003149351,2016/8/9,股票/股票雷达跟投/603618杭电股份
财富证券,czh,-1600,15.33,0.000201402,2016/8/9,股票/股票雷达跟投/603618杭电股份
财富证券,czh,-100,15.4,0.003149351,2016/8/9,股票/股票雷达跟投/603618杭电股份
财富证券,czh,-200,15.38,0.001547464,2016/8/9,股票/股票雷达跟投/603618杭电股份
财富证券,czh,-300,15.39,0.001035304,2016/8/9,股票/股票雷达跟投/603618杭电股份
财富证券,czh,-1200,15.34,0.000222729,2016/8/9,股票/股票雷达跟投/603618杭电股份
财富证券,czh,-700,25.23,0.000263292,2016/8/9,股票/股票雷达跟投/300062中能电气
财富证券,czh,-300,25.323,0.000651582,2016/8/9,股票/股票雷达跟投/300062中能电气
财富证券,czh,-300,22.5,0.000761481,2016/8/9,股票/股票雷达跟投/600604市北高新
财富证券,czh,-800,22.4,0.000299107,2016/8/9,股票/股票雷达跟投/600604市北高新
财富证券,czh,-500,14.26,0.000720898,2016/8/9,股票/股票雷达跟投/600872中炬高新
国泰君安,czh,-1800,5.38,0.001520033,2016/8/12,股票/股票雷达跟投/600313农发种业
国泰君安,czh,-500,5.37,0.001880819,2016/8/12,股票/股票雷达跟投/600313农发种业
财富证券,czh,-400,22.8,0.000528509,2016/8/16,股票/股票雷达跟投/002772众兴菌业
财富证券,czh,-200,40,0.000645,2016/8/17,股票/股票雷达跟投/600680上海普天
财富证券,czh,-1000,8.63,0.000488992,2016/8/18,股票/股票雷达跟投/000554泰山石油
蚂蚁聚宝,czh,-935.04,1.0684,0.001004272,2016/8/31,基金/可转债/340001兴全可转债全球混合
蚂蚁聚宝,czh,-923.46,1.0818,0.001001975,2016/8/31,基金/可转债/340001兴全可转债全球混合
蚂蚁聚宝,czh,-7903.2,1.264298006,0.0008,2016/8/31,基金/可转债/519977长信可转债债券A
蚂蚁聚宝,czh,-228.02,1.195498455,0.0008,2016/8/31,基金/可转债/519977长信可转债债券A
财富证券,czh,-500,15.8,0.001177215,2016/9/1,股票/股票雷达跟投/000055方大集团
国泰君安,czh,-100,27.3167232,0.0016,2016/9/1,股票/股票雷达跟投/600571DR信雅达
财富证券,czh,-300,16.75,0.000975124,2016/9/2,股票/股票雷达跟投/002440闰土股份
富国基金,czh,-504.04,1.981,0,2016/10/13,基金/进取/100056富国低碳环保
富国基金,czh,-497.01,2.012031951,0,2016/10/13,基金/进取/100056富国低碳环保
富国基金,czh,-495.78,2.013998144,0.0015,2016/10/13,基金/进取/100056富国低碳环保
富国基金,czh,-483.07,2.066988221,0.0015,2016/10/13,基金/进取/100056富国低碳环保
富国基金,czh,-454.07,2.199000154,0.0015,2016/10/13,基金/进取/100056富国低碳环保
富国基金,czh,-453.45,2.202,0.0015031,2016/10/13,基金/进取/100056富国低碳环保
天天基金,czh,-5000,1,0,2016/10/20,基金/货币基金/hb09002货币-大成现金增利
